name,url,id
Chalet Les Méandres (ex Tupilak),https://www.montourdumontblanc.com/uk/il4-refuge_i39948-chalet-les-meandres-ex-tupilak.aspx,39948
Gîte Michel Fagot,https://www.montourdumontblanc.com/uk/il4-refuge_i32369-gite-michel-fagot.aspx,32369
Refuge du Fioux,https://www.montourdumontblanc.com/uk/il4-refuge_i32356-refuge-du-fioux.aspx,32356
Auberge du Truc,https://www.montourdumontblanc.com/uk/il4-refuge_i32365-auberge-du-truc.aspx,32365
La Ferme à Piron,https://www.montourdumontblanc.com/uk/il4-refuge_i127958-la-ferme-a-piron.aspx,127958
Gîte les Mélèzes,https://www.montourdumontblanc.com/uk/il4-refuge_i123462-gite-les-melezes.aspx,123462
Gîte le Pontet,https://www.montourdumontblanc.com/uk/il4-refuge_i39797-gite-le-pontet.aspx,39797
Refuge de Nant Borrant,https://www.montourdumontblanc.com/uk/il4-refuge_i32362-refuge-de-nant-borrant.aspx,32362
Refuge des Prés,https://www.montourdumontblanc.com/uk/il4-refuge_i116702-refuge-des-pres.aspx,116702
Refuge de la Balme,https://www.montourdumontblanc.com/uk/il4-refuge_i32361-refuge-de-la-balme.aspx,32361
Auberge-Refuge de la Nova,https://www.montourdumontblanc.com/uk/il4-refuge_i32367-auberge-refuge-de-la-nova.aspx,32367
Les Chambres du Soleil,https://www.montourdumontblanc.com/uk/il4-refuge_i116701-les-chambres-du-soleil.aspx,116701
Refuge des Mottets,https://www.montourdumontblanc.com/uk/il4-refuge_i32368-refuge-des-mottets.aspx,32368
Gîte Mermoud,https://www.montourdumontblanc.com/uk/il4-refuge_i32383-gite-mermoud.aspx,32383
Gîte d'Alpage Les Ecuries de Charamillon,https://www.montourdumontblanc.com/uk/il4-refuge_i36470-gite-d-alpage-les-ecuries-de-charamillon.aspx,36470
Gîte Le Moulin,https://www.montourdumontblanc.com/uk/il4-refuge_i32379-gite-le-moulin.aspx,32379
Auberge la Boërne,https://www.montourdumontblanc.com/uk/il4-refuge_i32378-auberge-la-boerne.aspx,32378
Cabane du Combal,https://www.montourdumontblanc.com/uk/il4-refuge_i36471-cabane-du-combal.aspx,36471
Rifugio Maison Vieille,https://www.montourdumontblanc.com/uk/il4-refuge_i32386-rifugio-maison-vieille.aspx,32386
Gite le Randonneur du Mont Blanc,https://www.montourdumontblanc.com/uk/il4-refuge_i32389-gite-le-randonneur-du-mont-blanc.aspx,32389
Rifugio Monte Bianco CAI Uget,https://www.montourdumontblanc.com/uk/il4-refuge_i32388-rifugio-monte-bianco-cai-uget.aspx,32388
Rifugio G. Bertone,https://www.montourdumontblanc.com/uk/il4-refuge_i32385-rifugio-g-bertone.aspx,32385
Hotel Funivia,https://www.montourdumontblanc.com/uk/il4-refuge_i32390-hotel-funivia.aspx,32390
Hôtel Lavachey,https://www.montourdumontblanc.com/uk/il4-refuge_i32391-hotel-lavachey.aspx,32391
Hotel Chalet Val Ferret,https://www.montourdumontblanc.com/uk/il4-refuge_i32393-hotel-chalet-val-ferret.aspx,32393
Gîte Alpage de La Peule,https://www.montourdumontblanc.com/uk/il4-refuge_i32398-gite-alpage-de-la-peule.aspx,32398
Hotel du Col de Fenêtre,https://www.montourdumontblanc.com/uk/il4-refuge_i32396-hotel-du-col-de-fenetre.aspx,32396
Gîte La Léchère,https://www.montourdumontblanc.com/uk/il4-refuge_i32397-gite-la-lechere.aspx,32397
Chalet 'Le Dolent',https://www.montourdumontblanc.com/uk/il4-refuge_i32399-chalet-le-dolent.aspx,32399
Maya-Joie,https://www.montourdumontblanc.com/uk/il4-refuge_i46179-maya-joie.aspx,46179
Auberge des Glaciers,https://www.montourdumontblanc.com/uk/il4-refuge_i32394-auberge-des-glaciers.aspx,32394
Gîte de La Fouly,https://www.montourdumontblanc.com/uk/il4-refuge_i114712-gite-de-la-fouly.aspx,114712
Hôtel Edelweiss,https://www.montourdumontblanc.com/uk/il4-refuge_i32395-hotel-edelweiss.aspx,32395
Auberge Gîte Bon Abri,https://www.montourdumontblanc.com/uk/il4-refuge_i32400-auberge-gite-bon-abri.aspx,32400
Chalet La Grange,https://www.montourdumontblanc.com/uk/il4-refuge_i110727-chalet-la-grange.aspx,110727
Relais d'Arpette,https://www.montourdumontblanc.com/uk/il4-refuge_i32403-relais-d-arpette.aspx,32403
Hôtel du Col de la Forclaz,https://www.montourdumontblanc.com/uk/il4-refuge_i32404-hotel-du-col-de-la-forclaz.aspx,32404
Auberge Mont-Blanc,https://www.montourdumontblanc.com/uk/il4-refuge_i32406-auberge-mont-blanc.aspx,32406
La Grande Ourse,https://www.montourdumontblanc.com/uk/il4-refuge_i39703-la-grande-ourse.aspx,39703
Refuge Le Peuty,https://www.montourdumontblanc.com/uk/il4-refuge_i32405-refuge-le-peuty.aspx,32405
